name, category, image_urls
a lush green forest filled with lots of trees,"['singapore', 'rainforest', 'botanical garden', 'Travel Images', 'plants', 'Nature Images', 'cluny road', 'botanic gardens', 'green nature', 'nature images', 'rio amazonas', 'lifecycle', 'water plants', 'foreground', 'nature vs nurture', 'green nature background', 'green scenery', 'mother nature', 'green world', 'HD Wallpapers', 'Free stock photos']",https://plus.unsplash.com/premium_photo-1673292293042-cafd9c8a3ab3
blue starry night,"['Nature Images', 'HD Sky Wallpapers', 'HD Wallpapers', 'Hq Background Images', 'Landscape Images & Pictures', 'HD Blue Wallpapers', 'Space Images & Pictures', 'night', 'Star Images', 'HD Abstract Wallpapers', 'HD Desktop Wallpapers', 'HD Desktop Wallpapers', 'Google Backgrounds', 'Desktop Backgrounds', 'HD Wallpapers', 'Hq Background Images', 'starry', 'Travel Images', 'Website Backgrounds', 'Galaxy Images & Pictures', 'Free pictures']",https://images.unsplash.com/photo-1470813740244-df37b8c1edcb
ocean wave at beach,"['Nature Images', 'HD Water Wallpapers', 'Beach Images & Pictures', 'sea', 'HD Wallpapers', 'HD Wave Wallpapers', 'HD Ocean Wallpapers', 'Seascape Pictures', 'Summer Images & Pictures', 'IPhone Backgrounds', 'HD Beach Wallpapers', 'HD IPhone Wallpapers', 'Hq Background Images', 'Italy Pictures & Images', 'natural', 'Website Backgrounds', 'Landscape Images & Pictures', 'wall', 'HD Grey Wallpapers', 'mondragone', 'Creative Commons images']",https://images.unsplash.com/photo-1500375592092-40eb2168fd21
landscape photo of mountain alps,"['Nature Images', 'Mountain Images & Pictures', 'HD Wallpapers', 'Landscape Images & Pictures', 'HD Desktop Wallpapers', 'Desktop Backgrounds', 'HD Wallpapers', 'HD Grey Wallpapers', 'switzerland', 'HD Snow Wallpapers', 'Hq Background Images', 'HD Desktop Wallpapers', 'bunderspitz', 'adelboden', 'HD Backgrounds', 'Google Backgrounds', 'Hq Background Images', 'Winter Images & Pictures', 'Mountain Images & Pictures', 'HD Sky Wallpapers', 'HD Wallpapers']",https://images.unsplash.com/photo-1458668383970-8ddd3927deed
a lake surrounded by mountains and trees under a blue sky,"['blea tarn', 'ambleside', 'Nature Images', 'HD Scenery Wallpapers', 'Landscape Images & Pictures', 'uk', 'HD Pc Wallpapers', 'HD Dual Monitor Wallpapers', 'HD Mac Wallpapers', 'mountains and blue lake', 'tarn', 'rural', 'outdoors', 'reflection', 'Mountain Images & Pictures', 'lake', 'scenic', 'vista', 'HD Wallpapers', 'Hq Background Images', 'Free images']",https://plus.unsplash.com/premium_photo-1673697239981-389164b7b87f
landscape photography of mountain hit by sun rays,"['Nature Images', 'Mountain Images & Pictures', 'Landscape Images & Pictures', 'Travel Images', 'HD Wallpapers', 'Hq Background Images', 'People Images & Pictures', 'romania', 'outdoors', 'Website Backgrounds', 'ciuca»ô peak', 'HD Backgrounds', 'HD Backgrounds', 'Cool Backgrounds', 'Tumblr Backgrounds', 'HD Wallpapers', 'Hq Background Images', 'Computer Backgrounds', 'rock', 'HD Desktop Wallpapers', 'Backgrounds']",https://images.unsplash.com/photo-1469474968028-56623f02e42e
low angle photography of trees at daytime,"['Nature Images', 'Tree Images & Pictures', 'HD Forest Wallpapers', 'Landscape Images & Pictures', 'Website Backgrounds', 'HD Wallpapers', 'Hq Background Images', 'plant', 'HD Green Wallpapers', 'Earth Images & Pictures', 'mood', 'inspiration', 'felton', 'united states', 'Hq Background Images', 'HD Wallpapers', 'sustainability', 'HD Wood Wallpapers', 'HD Color Wallpapers', 'Travel Images', 'Backgrounds']",https://images.unsplash.com/photo-1513836279014-a89f7a76ae86
foggy mountain summit,"['Nature Images', 'Landscape Images & Pictures', 'HD Wallpapers', 'Mountain Images & Pictures', 'Hq Background Images', 'HD Backgrounds', 'HD Backgrounds', 'HD Desktop Wallpapers', 'Google Backgrounds', 'Desktop Backgrounds', 'HD Wallpapers', 'Hq Background Images', 'Cool Backgrounds', 'Tumblr Backgrounds', 'Computer Backgrounds', 'HD Desktop Wallpapers', 'outdoors', 'rock', 'blue sky', 'mist', 'Creative Commons images']",https://images.unsplash.com/photo-1470071459604-3b5ec3a7fe05
sun light passing through green leafed tree,"['Nature Images', 'Tree Images & Pictures', 'HD Forest Wallpapers', 'Hq Background Images', 'Life Images & Photos', 'wellness', 'plant', 'HD Wallpapers', 'Landscape Images & Pictures', 'HD Green Wallpapers', 'fantasy', 'California Pictures', 'roots', 'spirituality', 'inspiration', 'magic', 'idea', 'board', 'healing', 'Flower Images', 'Public domain images']",https://images.unsplash.com/photo-1518495973542-4542c06a5843
a waterfall in the middle of a lush green forest,"['kauai', 'Hawaii Images & Pictures', 'usa', 'amazon rainforest', 'HD Water Wallpapers', 'HD Waterfall Wallpapers', 'outdoors', 'Nature Images', 'Jungle Backgrounds', 'HD Scenery Wallpapers', 'woodland', 'rio amazonas', 'HD Screen Saver Wallpapers', 'screensaver', 'HD Wallpapers', 'Hq Background Images', 'protected', 'nature vs nurture', 'everything', 'hawaiian', 'HD Wallpapers']",https://plus.unsplash.com/premium_photo-1675827055694-010aef2cf08f
photo of pine trees,"['Nature Images', 'Landscape Images & Pictures', 'HD Forest Wallpapers', 'Tree Images & Pictures', 'HD Wallpapers', 'Mountain Images & Pictures', 'Hq Background Images', 'mont saint-rigaud', 'monsols', 'france', 'HD Green Wallpapers', 'fog', 'layers', 'landscape alyers', 'mist', 'wild', 'lightroom', 'cmvision', 'HD Autumn Wallpapers', 'misty', 'Free pictures']",https://images.unsplash.com/photo-1509316975850-ff9c5deb0cd9
the sun is shining over the water and rocks,"['perfect', 'Nature Images', 'coast', 'coastal', 'HD Ocean Wallpapers', 'HD Water Wallpapers', 'sea', 'close up', 'Hawaii Images & Pictures', 'sun beach', 'everything', 'aesthetic nature', 'mother nature', 'calm nature', 'night ocean', 'Free stock photos']",https://plus.unsplash.com/premium_photo-1675433344518-21eb72dfc7a5
river between mountains under white clouds,"['Nature Images', 'Landscape Images & Pictures', 'HD Wallpapers', 'HD Backgrounds', 'HD Backgrounds', 'HD IPhone Wallpapers', 'IPhone Backgrounds', 'HD Wallpapers', 'Mountain Images & Pictures', 'yellowstone national park', 'HD Water Wallpapers', 'Hq Background Images', 'united states', 'Android Backgrounds', 'Phone Backgrounds', 'HD Android Wallpapers', 'Hq Background Images', 'Cool Backgrounds', 'Tumblr Backgrounds', 'Computer Backgrounds', 'Free images']",https://images.unsplash.com/photo-1482938289607-e9573fc25ebb
orange flowers,"['Nature Images', 'Flower Images', 'plant', 'HD Wallpapers', 'HD Floral Wallpapers', 'Hq Background Images', 'Landscape Images & Pictures', 'flora', 'poppy', 'Website Backgrounds', 'Spring Images & Pictures', 'wildflower', 'wheat', 'field', 'Health Images', 'holistic', 'Hq Background Images', 'HD Wallpapers', 'HD Orange Wallpapers', 'blog', 'Free stock photos']",https://images.unsplash.com/photo-1465146344425-f00d5f5c8f07
a green and blue sky filled with stars,"['Nature Images', 'northern lights', 'aurora borealis', 'HD Screen Saver Wallpapers', 'HD Laptop Wallpapers', 'aurora boreal', 'HD Scenery Wallpapers', 'view', 'screensaver', 'HD Wallpapers', 'Hq Background Images', 'jokulsarlon', 'night', 'Winter Images & Pictures', 'HD Snow Wallpapers', 'HD Abstract Wallpapers', 'HD Minimalist Wallpapers', 'HD Wallpapers', 'outdoors', 'Landscape Images & Pictures', 'Backgrounds']",https://plus.unsplash.com/premium_photo-1675805015392-28fd80c551ec
three white daisies on a pink background,"['daisies', 'daisy', 'daisy flower', 'drawing', 'Nature Images', 'vector', 'HD Wallpapers', 'Animals Images & Pictures', 'illustrations', 'flat design', 'Flower Images', 'flora', 'botanical art', 'botanical', 'HD Floral Wallpapers', 'floral art', 'vector drawing', 'vector art', 'vector illustration', 'HD Art Wallpapers', 'Free pictures']",https://plus.unsplash.com/premium_vector-1716874671235-95932d850cce
gray concrete bridge and waterfalls during daytime,"['Nature Images', 'HD Waterfall Wallpapers', 'HD Water Wallpapers', 'Landscape Images & Pictures', 'HD Forest Wallpapers', 'HD Wallpapers', 'Hq Background Images', 'HD Wallpapers', 'Tree Images & Pictures', 'Mountain Images & Pictures', 'HD Green Wallpapers', 'plant', 'multnomah falls', 'Hq Background Images', 'cascacade', 'bridge', 'Travel Images', 'inspiration', 'Website Backgrounds', 'HD Art Wallpapers', 'Public domain images']",https://images.unsplash.com/photo-1433086966358-54859d0ed716
landmark photography of trees near rocky mountain under blue skies daytime,"['Nature Images', 'HD Wallpapers', 'Landscape Images & Pictures', 'Mountain Images & Pictures', 'HD Wallpapers', 'Desktop Backgrounds', 'HD Desktop Wallpapers', 'el cap', 'Hq Background Images', 'yosemite', 'yosemite national park', 'united states', 'Google Backgrounds', 'Hq Background Images', 'HD Desktop Wallpapers', 'Tumblr Images & Photos', 'HD Amazing Wallpapers', 'Desktop Backgrounds', 'national park', 'park', 'Public domain images']",https://images.unsplash.com/photo-1426604966848-d7adac402bff
river surrounded by rock formation,"['Nature Images', 'iceland', 'Landscape Images & Pictures', 'Mountain Images & Pictures', 'river', 'stream', 'HD Green Wallpapers', 'HD Wallpapers', 'Hq Background Images', 'HD Android Wallpapers', 'IPhone Backgrounds', 'HD Wallpapers', 'IPad Backgrounds', 'HD IPad Wallpapers', 'Android Backgrounds', 'HD IPhone Wallpapers', 'Phone Backgrounds', 'river side', 'mossy cliff', 'mossy lciff', 'Backgrounds']",https://images.unsplash.com/photo-1504893524553-b855bce32c67
A card with flowers and birds on it,"['Flower Images', 'Birds Images', 'bird of paradise flower', 'colorful', 'leaves', 'Leaf Backgrounds', 'Nature Images', 'humming bird', 'illustrations', 'flat design', 'vector', 'minimal', 'HD Green Wallpapers', 'cute flowers', 'vector art', 'HD Abstract Wallpapers', 'Gradient Backgrounds', 'HD Wallpapers']",https://plus.unsplash.com/premium_vector-1715786847762-e4f0299602bf
photo of desert sand,"['Nature Images', 'Texture Backgrounds', 'Desert Images', 'HD Pattern Wallpapers', 'Hq Background Images', 'sand', 'Landscape Images & Pictures', 'HD Abstract Wallpapers', 'dune', 'HD Wallpapers', 'HD Orange Wallpapers', 'beige', 'Phone Backgrounds', 'HD Android Wallpapers', 'IPhone Backgrounds', 'HD Wallpapers', 'Hq Background Images', 'united states', 'spirituality', 'HD Backgrounds', 'Backgrounds']",https://images.unsplash.com/photo-1482881497185-d4a9ddbe4151
a poster with mountains and a sun in the background,"['photo to vector', 'vector file', 'flat design', 'HD Geometric Wallpapers', 'illustration', 'Nature Images', 'digital art', 'Free pictures']",https://plus.unsplash.com/premium_vector-1710277845086-36f1c4c2ccd2
wanderlust landscape scene with pines,"['HD Forest Wallpapers', 'woodland', 'pine woodland', 'pine tree', 'Nature Images', 'landscape - scenery', 'flat design', 'Tree Images & Pictures', 'illustration', 'vector', 'outdoors', 'cloud - sky', 'no people', 'environment', 'panoramic', 'scenics - nature', 'Creative Commons images']",https://plus.unsplash.com/premium_vector-1697729804286-7dd6c1a04597
two brown deer beside trees and mountain,"['Nature Images', 'Animals Images & Pictures', 'Mountain Images & Pictures', 'Landscape Images & Pictures', 'Deer Images & Pictures', 'yosemite', 'wildlife', 'yosemite valley', 'California Pictures', 'national park', 'park', 'HD Wallpapers', 'united states', 'Hq Background Images', 'HD Wallpapers', 'national', 'usa', 'mammal', 'yosemite national park', 'field', 'Free pictures']",https://images.unsplash.com/photo-1472396961693-142e6e269027
